{"first_doop_profile": {"knot_pos": [0.9999999999999574, 0.9999999999999574, 0.9999999999999574, 0.9999999999999574, 0.9999999999999574, 17.884573894282596, 42.22977346278314, 55.38403451995684, 63.82632146709811, 80.71089536138079, 97.20280474649408, 106.62675296655875, 117.4250269687162, 128.2233009708737, 148.44552319309594, 180.64401294498376, 228.94174757281547, 240.13268608414225, 256.0355987055016, 274.09816612729225, 291.57173678532894, 315.3279395900755, 326.32254584681766, 365.3926645091693, 365.3926645091693, 365.3926645091693, 365.3926645091693, 365.3926645091693], "bspl_coeff": [-69.74654260319204, -70.08180689815445, -71.80295083559595, -74.56798753131207, -79.34759080281653, -82.37689716110351, -80.90178701201353, -76.73265550295243, -71.72627360166406, -67.49231863614989, -63.0679904969473, -57.91399643292754, -54.299584023714324, -57.3252586126068, -65.38769731850829, -73.68186842140102, -79.92223986556137, -83.83491915623571, -77.4418566138321, -71.02598273221675, -68.32492824015138, -68.81204674294993, -69.64982115919432, 0.0, 0.0, 0.0, 0.0, 0.0], "deg": 4}, "last_doop_profile": {"knot_pos": [1.0, 1.0, 1.0, 1.0, 18.226337448559704, 65.59876543209879, 77.95679012345681, 90.87654320987652, 105.85596707818934, 125.14197530864196, 165.39917695473255, 189.7407407407408, 202.6604938271605, 217.0781893004116, 239.92181069958852, 267.44650205761326, 292.5370370370371, 315.3806584362141, 365.00000000000006, 365.00000000000006, 365.00000000000006, 365.00000000000006], "bspl_coeff": [81.50547243502204, 81.25441803773884, 80.08567347490522, 71.63837412297457, 61.37968305130263, 55.80093578467725, 49.39407803957383, 39.68005401484645, 34.53984297130126, 36.02806476697305, 38.87409849269519, 43.18128582370624, 50.40690877213343, 61.68626535523839, 72.7273842307467, 82.8734981500187, 81.56597504022263, 81.55619723469778, 0.0, 0.0, 0.0, 0.0], "deg": 3}}